Concentration (mg/L)	Voltage (V)
0	3.563472
1	3.514715
2	3.544999
5	2.839736
10	1.033413
20	-0.438964
50	-1.270266
100	-1.303979
200	-1.304431
